{
  "cacheBootResources": true,
  "config": [ ],
  "debugBuild": false,
  "entryAssembly": "BlazorCinemaMS.Client",
  "icuDataMode": 0,
  "linkerEnabled": true,
  "resources": {
    "assembly": {
      "BlazorCinemaMS.Client.dll": "sha256-9MNPixRI\/58fCj2Oi4utMMgQUp5LYLGfMohfxz78ppo=",
      "BlazorCinemaMS.Shared.dll": "sha256-QhDoYh9a3InX+AmdDhc6IbTB\/eq7LHROSA7oAXD5S9o=",
      "Blazored.LocalStorage.dll": "sha256-5V8ovY1srbIIz7lzzMhLd3nNJ9LJ6bHoBOnLJahv8Go=",
      "Mapster.Core.dll": "sha256-jYHh+gsdve2iEha131dSwYUOgGMgDFQ2oNqV2qouFjs=",
      "Mapster.dll": "sha256-cZIM617kVDaa1CDrTzCFrUGFXLRF+9urMGrW0YfDfqQ=",
      "Microsoft.AspNetCore.Authorization.dll": "sha256-jgXSvEzlnxaI8Gpue+KnU9L0ZKP3WbgMC\/q7DDoqczY=",
      "Microsoft.AspNetCore.Components.Authorization.dll": "sha256-oCXmc5p+dleyLJfw7FDDKAJRhryO9wda+hPW1sJOxPs=",
      "Microsoft.AspNetCore.Components.dll": "sha256-kk64V7QNCEqxPlBHifM7qBkd2HUFL9idZxioKLXkVWY=",
      "Microsoft.AspNetCore.Components.Forms.dll": "sha256-DEltYqbu+Q+x2NcBvYU1EnD7DFL971XSt15+H0QShAM=",
      "Microsoft.AspNetCore.Components.Web.dll": "sha256-uKHs3VFlmKzoxvXvZQUscCXSh1NLZXlDoE97ew5b7Po=",
      "Microsoft.AspNetCore.Components.WebAssembly.dll": "sha256-RkZ+HO8NqpUlvI1x0Sm3zh77Sgs5+4VJK5veG\/AtXWk=",
      "Microsoft.AspNetCore.Http.Features.dll": "sha256-nhDtQDkvXQUWiexwW5atxrEm6abFLbvzeVCl\/Gb5kvI=",
      "Microsoft.AspNetCore.Metadata.dll": "sha256-57zJibcr8MuqC9ZULR+hF+DJzAF1mwdYqDxa7fKtE1A=",
      "Microsoft.CSharp.dll": "sha256-ojIJ6VjHVujBHFZ8pzwOXFD09IhpjvV4dm95bE00Hj4=",
      "Microsoft.Extensions.Configuration.Abstractions.dll": "sha256-X\/f4fDl2cuIRXeWHhK\/f2UqQbFioD+RU4a4CEh0zrrQ=",
      "Microsoft.Extensions.Configuration.dll": "sha256-DBOKSPriP2JDxVbbWrLXyD3K4\/x3RBifNBWk\/q1I39M=",
      "Microsoft.Extensions.Configuration.Json.dll": "sha256-Q5AqJneA2TZnzC0IYzBx6j\/tHRhWAeMbpH3BsV7KgWg=",
      "Microsoft.Extensions.DependencyInjection.Abstractions.dll": "sha256-1X9d\/cw+vto2tf+muuNdJyTbgcEnFtpM8f52FqDvU7o=",
      "Microsoft.Extensions.DependencyInjection.dll": "sha256-qi0kE7rp0kdsNqdL6DyPZEeimjUGvcLT4iWQX0YnRus=",
      "Microsoft.Extensions.Logging.Abstractions.dll": "sha256-YkGy2rvGh1KbERVSWktdAXUbJE0Eu4sdHXqcgMBlv3I=",
      "Microsoft.Extensions.Logging.dll": "sha256-RJE660TEC1wm3MyL1EXQfTQB1qK+JWy1efVUxI8nNUo=",
      "Microsoft.Extensions.Options.dll": "sha256-UTFrN90JtZaTuEqYMF5zy8TKmYWW6g3yeMl8irLwTkg=",
      "Microsoft.Extensions.Primitives.dll": "sha256-J9A5PdYAB5Zh5ehmn\/dpPHCQf1Mh5+c8Q6np3JpzmZ8=",
      "Microsoft.JSInterop.dll": "sha256-Tria0t4QL\/FOdtSP+ghwhR2rkSDfuUFapcWQhoxZLWs=",
      "Microsoft.JSInterop.WebAssembly.dll": "sha256-4cMfifCYL\/bv5qiC8T6HyABhOewZlTXovRc+E\/CrUbc=",
      "netstandard.dll": "sha256-b3I+96I6lgCmWkE8ew0oGbrtYFV8xoEcu3g+PYsFLUY=",
      "Newtonsoft.Json.Bson.dll": "sha256-88VhZtf5Apa75rA\/ZDNWI8MWXtJZSCiPHzFvp03YMn8=",
      "Newtonsoft.Json.dll": "sha256-cs8pHUurDt0IqbB8YXPh560au3q3J\/1wRL9jBddRVmE=",
      "System.Buffers.dll": "sha256-PCkOFfjKwo34PXHfxqtMB\/8oTtlrKyKfr\/73\/GBTYcI=",
      "System.Collections.Concurrent.dll": "sha256-ba\/C5Kgr\/uN9H8YGcbwxHOS3cAFw5aFm0TAhWJLR9V4=",
      "System.Collections.dll": "sha256-Ok+GYJtg3V73BW8nWE5MzHXeS7QzXneBZ7UU888iHak=",
      "System.Collections.NonGeneric.dll": "sha256-PAfvgIEE9myad9OwNKHfjmsB2Ky09gZe0Tl9iqD1DK0=",
      "System.Collections.Specialized.dll": "sha256-8yEXdQvmibEy82eJYnD\/hVGhqftyUX0FMFvbOiNN+EI=",
      "System.ComponentModel.Annotations.dll": "sha256-xK9hhkfrerO8SBdW292u17p8vO75eoWfcHSwn3WOfp8=",
      "System.ComponentModel.dll": "sha256-eJGXEKfl0SYgPFHp7uwC99o8CzmnGg7C7FePevEWjtY=",
      "System.ComponentModel.EventBasedAsync.dll": "sha256-HQnd9KfgEU8T71AlrJF6Co6Ww0GnKWnRdoGLxYD\/n8w=",
      "System.ComponentModel.Primitives.dll": "sha256-bOVffKlw9BglncneahI77tIsBG1tge1rVHAZyRcHjj4=",
      "System.ComponentModel.TypeConverter.dll": "sha256-ZVJ9kvvNXpkB2CcaVE7N9LUeOIAlzzgEB0eQEztJLkM=",
      "System.Console.dll": "sha256-6WZHQYcvzYh3tFJ5iR2H4cBeX6YP0Ws+nACpDgDfv6s=",
      "System.Data.Common.dll": "sha256-4mvMeL9\/THNcXMUdomgejewLgT4htnCb1hDlxqsiAaw=",
      "System.Diagnostics.TraceSource.dll": "sha256-2KGj0\/tfkcnE1NnNO5el0yNRjhLG+5clXspv7shD2y4=",
      "System.dll": "sha256-6ikjWsGy0Vvl2DPgoSvgFFGjtng+mEdqfQ735EeaORs=",
      "System.Drawing.dll": "sha256-FHuMi21CByLc05566C3pGhyZjd5\/KxD1yA4SU3vuZUQ=",
      "System.Drawing.Primitives.dll": "sha256-aX0uZA8L7gv9M19pnlCT5VW2BKAy\/iFWYbeUq09jSw8=",
      "System.IO.Pipelines.dll": "sha256-iRbNn2BHuAK1TAhKvaIfOXWEoTK9\/Omg8mGGxR6yNZc=",
      "System.Linq.dll": "sha256-47RrJ7eLy2KP4aYJbNPE4rW7+lBajWwO\/t8HmPFJCHk=",
      "System.Linq.Expressions.dll": "sha256-iGJWvd0B+epF1bsuzl8NRSqE6kXLerq9OCtgbU0IFsk=",
      "System.Linq.Queryable.dll": "sha256-bq5gfYRMZP8C1ScchuB1yUjbeTRKyrpLhJCnz\/dT12E=",
      "System.Memory.dll": "sha256-dTgv2nZT0YLhTqVtUUh7fdTKiQTkGdSslHTQoZTw+xA=",
      "System.Net.Http.dll": "sha256-rzFgjPcTM8xH\/rXFRHLvNlVlyIFf80DOEbZCU6qwiPY=",
      "System.Net.Http.Formatting.dll": "sha256-Yfud\/Qvya2pb6KKqxiYRwANDMPrS+serESoUYSnxJdE=",
      "System.Net.Http.Json.dll": "sha256-PkSdbpq\/gKzqzOQLYYuozHbfAMOmmVGFSb3oWaicLxA=",
      "System.Net.Primitives.dll": "sha256-eZKxCBHXJ7JgpR\/BbAvuKyahPkTAoV4MOCpQugRdnR8=",
      "System.Net.WebSockets.dll": "sha256-6OngGldON\/5mV4z3zksLrUo5fbAYJG\/TYzBsxN4EZ+M=",
      "System.ObjectModel.dll": "sha256-Hpz2RjwQdmmSDoXYFYP6tLNplgTouHRHvWIO7jBmSeU=",
      "System.Private.CoreLib.dll": "sha256-5RWgmJAAKh2s+fe+IlzCKMKWaeLphLZQNXdPS6GGv0w=",
      "System.Private.DataContractSerialization.dll": "sha256-IXKxiezipS3wE7IV8Gm46ivp2nWgkLlaXPV227iheDU=",
      "System.Private.Uri.dll": "sha256-HnEDiyWDMJSfhDVB5jKzNKPbrQq9w7RoDGhlR1zV9gk=",
      "System.Private.Xml.dll": "sha256-DDaZiN67awjedBLihsFutQX24Ct75zGCk4dXdl3u3A0=",
      "System.Private.Xml.Linq.dll": "sha256-fpzNF8\/6ghw6fsZbzNIWGPxsj5MdksQxFQBNiLx2zvk=",
      "System.Reflection.Emit.dll": "sha256-TvYOxKmIXAY6i6nc4fvOuqvCU7fHlqoA6c3bNTZKRJE=",
      "System.Reflection.Emit.ILGeneration.dll": "sha256-QiVwakALsSKRLbFH5j3aIJnpgDQL+zN7olOdcjAfoGs=",
      "System.Reflection.Primitives.dll": "sha256-rYy\/\/hN\/EelM0\/p9cEAjw+Am0KU2M3yMEZ9A0qbpWHA=",
      "System.Runtime.dll": "sha256-L\/Zcqg1tarvQjSj8iqhxJWPjlL1hM8i8ax6EWqvCfdQ=",
      "System.Runtime.InteropServices.dll": "sha256-S2rYvW\/d+Ov1ORDmdMuXVgE6mcBbO5Gh02jHsy4JoOI=",
      "System.Runtime.InteropServices.JavaScript.dll": "sha256-V6M5CXR+JpCjLiC7yftWX0J58hkjLibTP7jbc1e+sL8=",
      "System.Runtime.Numerics.dll": "sha256-OP758NugBcnkSYFhceNpMtyH40tMJ9fdaHsNWGdygeY=",
      "System.Runtime.Serialization.Formatters.dll": "sha256-IBmudGC\/LGi0Md2W8D5QnOzDQZWzkJ0RDDqaH2M35z8=",
      "System.Runtime.Serialization.Primitives.dll": "sha256-nG2U92uYAlFz71TE54c5TWPAfcUFZjx\/Dcn\/mlFPsZA=",
      "System.Security.Claims.dll": "sha256-5woPVhxbe4\/7v2N7YjVT4UmtSOC43PFVBKFupTySdR8=",
      "System.Security.Cryptography.dll": "sha256-FOkx1QClYAyJwPkuhRpA6NeoTi2HQz9ubPNadtFI\/xQ=",
      "System.Security.Cryptography.X509Certificates.dll": "sha256-FFls7s66qwoe\/ImLfBqOiyyu8UC1hWBI1i2iY2qNTC4=",
      "System.Text.Encodings.Web.dll": "sha256-bOs2gamD3eRmuwPs45F7UWWjRzRCriJxq1eZcdFogwk=",
      "System.Text.Json.dll": "sha256-ST7OqjMfrGyZtBPXxp2Z0SPkvbF7cDpzeAyisSoxOEs=",
      "System.Text.RegularExpressions.dll": "sha256-7oGXLH7bpvMYqNjhZFDYkKBVZXXRt29NFDKVvPn0zyc=",
      "System.Threading.dll": "sha256-oSNFzlx6oDCtdtaklhheDwh6C9pqXZM\/oUD+baYU6L0=",
      "System.Threading.Tasks.Extensions.dll": "sha256-DAq85+yOvliq5+CoZWMdogGpmHnvrdw81ahSmLitfK4=",
      "System.Xml.Linq.dll": "sha256-LDv1EpoRwMtyR4d7+8MXK9vr3d\/k6VlOMvurOGREl9k="
    },
    "extensions": null,
    "lazyAssembly": null,
    "libraryInitializers": null,
    "pdb": null,
    "runtime": {
      "dotnet.7.0.14.dr2eo2fhh4.js": "sha256-YWGUknGRzP\/fgO6YjvCJKPVQNZAPEd6ll+rHfQEIW+I=",
      "dotnet.timezones.blat": "sha256-t5xviiOQTfAsF0UDhmcyalKiaehUmf\/sqJl97tmPM0M=",
      "dotnet.wasm": "sha256-Oyo\/i3KkRvFfEKDQqn9DjK1HWx19Z6eCVCNsUFQPSJU=",
      "icudt.dat": "sha256-tO5O5YzMTVSaKBboxAqezOQL9ewmupzV2JrB5Rkc8a4=",
      "icudt_CJK.dat": "sha256-SZLtQnRc0JkwqHab0VUVP7T3uBPSeYzxzDnpxPpUnHk=",
      "icudt_EFIGS.dat": "sha256-8fItetYY8kQ0ww6oxwTLiT3oXlBwHKumbeP2pRF4yTc=",
      "icudt_no_CJK.dat": "sha256-L7sV7NEYP37\/Qr2FPCePo5cJqRgTXRwGHuwF5Q+0Nfs="
    },
    "runtimeAssets": {
      "dotnet.wasm": {
        "behavior": "dotnetwasm",
        "hash": "sha256-Oyo\/i3KkRvFfEKDQqn9DjK1HWx19Z6eCVCNsUFQPSJU="
      }
    },
    "satelliteResources": null
  }
}